naslov,avtor,povprecna_ocena,stevilo_ocen
"Blossom in Winter (Blossom in Winter, #1)",Melanie Martins,4.32,1514
"Emily, Gone",Bette Lee Crosby,4.39,2206
The Night Olivia Fell,Christina  McDonald,3.89,13776
The Art of Remembering,Alison Ragsdale,4.4,388
The Lost History of Dreams,Kris Waldherr,3.76,899
The Age of Light,Whitney Scharer,3.63,7463
Here and Now and Then,Mike Chen,3.79,3753
Meet Me in Monaco,Hazel Gaynor,3.96,3376
Winter Loon,Susan Bernhard,4.09,8517
The Flight Girls,Noelle Salazar,4.21,4390
The War in Our Hearts,Eva Seyler,4.89,99
My Lovely Wife,Samantha  Downing,3.91,37613
The Stationery Shop,Marjan Kamali,4.2,5430
The Last Book Party,Karen Dukess,3.37,4240
"The Perfect Assassin (Chronicles of Ghadid, #1)",K.A. Doore,3.99,578
Alex McKenna & The Geranium Deaths,Vicki-Ann Bush,4.94,99
"The Lie: A Memoir of Two Marriages, Catfishing & Coming Out",William Dameron,4.0,3549
How Fires End,Marco Rafalà,4.4,250
The Chef's Secret,Crystal King,4.09,464
"Clouded By Envy (Laith, #1)",Candace Robinson,4.57,215
Nottingham,Nathan Makaryk,4.04,434
Famous Men Who Never Lived,K. Chess,3.73,842
We Hope for Better Things,Erin Bartels,4.22,2223
Titanshade,Dan Stout,4.32,308
Hollow Kingdom,Kira Jane Buxton,3.94,3521
We Love Anderson Cooper,R.L. Maizes,4.11,495
Wild Life: Dispatches from a Childhood of Baboons and Button-Downs,Keena Roberts,4.57,257
The Affairs of the Falcóns,Melissa Rivero,3.83,908
Evening in the Yellow Wood,Laura   Kemp,4.73,169
"The Amendment (The Contract, #2)",Melanie Moreland,4.47,806
Innogen Forest,Camilla Margiana,4.9,97
"Next Girl to Die (The Calderwood Cases, #1)",Dea Poirier,3.94,4378
The Book Woman of Troublesome Creek,Kim Michele Richardson,4.25,15759
"We Hunt the Flame (Sands of Arawiya, #1)",Hafsah Faizal,3.83,6980
Her Daughter's Mother,Daniela Petrova,3.83,1457
Life and Other Inconveniences,Kristan Higgins,4.18,4587
100 Bible Facts About Jesus: The Exciting way to Learn,Ginger Baum,4.96,260
Holding On To Nothing,Elizabeth Chiles Shelburne,4.23,292
Double-Crossing the Bridge,Sarah J. Sover,4.84,100
100 Fun Bible Facts: The Exciting way to Learn (100 Bible Facts Book 1),Ginger Baum,4.97,269
Jubal's Field Trip To Heaven: Jubal and Chanan Enter Through the Narrow Gate (Jubal's Divine Adventures #1),Ginger Baum,4.96,183
The Devil's Deceptions: Is There Life After Death?,Ginger Baum,4.98,174
Honeycake: A Family of Spices,Medea Kalantar,4.89,28
"The Cherries: Faith, Hope, Happiness. Does she dare?",D.B.  Carter,4.68,50
Honeycake: Help I Swallowed a Butterfly,Medea Kalantar,4.95,22
The Gown,Jennifer Robson,4.11,20899
"Broken Knight (All Saints High, #2)",L.J. Shen,4.31,16930
Heart of a Warrior Angel,Lali A. Love,4.41,758
A Bend in the Stars,Rachel Barenbaum,3.89,1750
"Forged in the Storm (Anthology of Resuoh, #1)",R.E.  Houser,4.65,20
The Winter Sister,Megan  Collins,3.65,7757
The Forgotten Hours,Katrin Schumann,3.73,14763
Little Darlings,Melanie Golding,3.71,4904
The Patricide of George Benjamin Hill,James  Charlesworth,3.73,98
"If, Then",Kate Hope Day,3.36,2405
Together: AI and Human. On The Same Side.,Zoltan Andrejkovics,4.73,26
Past This Point,Nicole Mabry,4.76,34
Apoca Lypse Sink Ships,Adam Wing,4.57,14
"Jade Horizons (Anthology of Resuoh, #3)",R.E.  Houser,5.0,9
This Tender Land,William Kent Krueger,4.41,13330
The Resurrectionist of Caligo,Wendy Trimboli,3.72,138
The Luminous Dead,Caitlin  Starling,3.71,2737
Little Lovely Things,Maureen Joyce Connolly,3.95,1582
"Storm of Locusts (The Sixth World, #2)",Rebecca Roanhorse,4.25,4250
"Remnants of Tomorrow (Anthology of Resuoh, #2)",R.E.  Houser,5.0,7
Perfect Strangers,J.T. Geissinger,4.24,1708
Clover Blue,Eldonna Edwards,4.11,715
A Season of Surprises at the Villa des Violettes (Villa des Violettes #2),Patricia Sands,4.32,111
Haunting Paris,Mamta Chaudhry,3.96,331
White Elephant,Julie Langsdorf,3.24,1333
Park Avenue Summer,Renee Rosen,3.95,4312
Every Thing You Are,Kerry Anne King,4.03,6383
"In an Absent Dream (Wayward Children, #4)",Seanan McGuire,4.21,11903
The Wartime Sisters,Lynda Cohen Loigman,3.84,3602
Montauk,Nicola  Harrison,3.67,2353
The Weight of a Piano,Chris Cander,3.66,1607
"The Ruin of Kings (A Chorus of Dragons, #1)",Jenn Lyons,3.8,3272
The Dreamers,Karen Thompson Walker,3.66,21532
Change of Heart: A Seashell Cottage Book,Judith Keim,4.19,260
Choose Me,R.C. Boldt,4.36,858
Past Presence,Nicole  Bross,4.29,90
The Patient,Steena Holmes,3.7,1508
Temper,Layne Fargo,3.62,910
With a Hitch,R.C. Boldt,4.32,471
The Nine,Jeanne McWilliams Blasberg,3.79,253
Unscripted,Claire Handscombe,3.61,130
The Library of the Unwritten (Hell's Library #1),A.J. Hackwith,3.88,1858
Dear Wife,Kimberly Belle,4.08,11686
The Ventriloquists,E.R. Ramzipoor,3.65,337
Formation: A Woman's Memoir of Stepping Out of Line,Ryan Leigh Dostie,4.25,346
"Letters to Molly (Maysen Jar, #2)",Devney Perry,4.51,2815
The DNA of You and Me,Andrea Rothman,2.94,737
The Nearest Exit May Be Behind You,Amulya Malladi,4.23,101
You Can See More From Up Here,Mark Guerin,4.37,30
Moonlight & Whiskey,Tricia Lynne,4.09,455
"The Light at the Bottom of the World (Light the Abyss, #1)",London Shah,4.03,323
The Second Wife: Seduced Into Slavery,Shirin Ariff,4.88,26
Finding Dorothy,Elizabeth Letts,4.11,8960
The First 100 Days of Your Book: Book Marketing for Self-Published Authors,Joel Stafford,4.67,36
"The Suspect (Kate Waters, #3)",Fiona Barton,3.86,16086
Shrouded Loyalties,Reese Hogan,3.89,46
The First Mistake,Sandie Jones,3.82,10035
"Getting Hot with the Scot (Sometimes in Love, #1)",Melonie Johnson,3.93,905
The Bobcat,Katherine Forbes Riley,4.17,161
"The Fever King (Feverwake, #1)",Victoria  Lee,3.77,3289
"Holy Sister (Book of the Ancestor, #3)",Mark  Lawrence,4.36,10735
"Call Down the Hawk (Dreamer, #1)",Maggie Stiefvater,4.48,7922
Never Go With Your Gut: How Pioneering Leaders Make the Best Decisions and Avoid Business Disasters,Gleb Tsipursky,4.85,47
It Was Always You,Andrea  Johnston,4.34,105
"Smitten by the Brit (Sometimes in Love, #2)",Melonie Johnson,4.1,758
The Farm,Joanne Ramos,3.51,15848
The Last Year of the War,Susan Meissner,4.15,5859
Unmarriageable,Soniah Kamal,3.78,6228
Going Home (Chandler Hill Inn #1),Judith Keim,4.39,513
The Sin Soldiers (Fragments #1),Tracy Auerbach,3.86,76
All Grown Up,Vi Keeland,4.25,6486
Summer Hours,Amy Mason Doan,3.83,890
The Last List of Miss Judith Kratt,Andrea Bobotis,3.73,846
"The Gilded Wolves (The Gilded Wolves, #1)",Roshani Chokshi,3.67,12575
A Nearly Normal Family,M.T. Edvardsson,3.87,16370
Heroine,Mindy McGinnis,4.28,3761
The Secret Wife of Aaron Burr,Susan Holloway Scott,4.31,508
Two Thousand Years (The Empire Saga #1),M. Dalto,3.49,134
Navigating the Stars (Sentinels of the Galaxy #1),Maria V. Snyder,4.19,1628
The Year Marjorie Moore Learned to Live,Christie Grotheim,4.32,97
House of Salt and Sorrows,Erin A. Craig,3.98,11992
Donna Has Left the Building,Susan Jane Gilman,3.57,322
Spider's Web (Magdalena #3),Shannon Condon,4.46,28
Into the Jungle,Erica Ferencik,3.75,1565
The Only Woman in the Room,Marie Benedict,3.73,16619
The End of Echoes,Dawn Hosmer,4.68,41
The Imaginary Corpse,Tyler Hayes,4.27,135
"Queen Bee (Lowcountry Tales, #12)",Dorothea Benton Frank,3.95,7976
The Summer of Sunshine and Margot,Susan   Mallery,3.93,4121
Never Have I Ever,Joshilyn Jackson,3.8,15748
"Spin the Dawn (The Blood of Stars, #1)",Elizabeth Lim,4.08,9168
The Marriage Clock,Zara Raheem,3.31,1391
Duckett & Dyer: Dicks For Hire,G.M. Nair,4.46,82
Hunting the Devil,Suanne Schafer,4.84,32
The Dream Peddler,Martine Fournier Watson,3.48,543
"How to Love a Duke in Ten Days (Devil You Know, #1)",Kerrigan Byrne,4.27,1912
"The Perfect First (Fulton U, #1)",Maya Hughes,4.12,3239
"Deep in the Heart (Austin After Dark, #1)",Alexa Padgett,4.27,141
What You Are Not Being Told About Vaccines: Find out now Before its too Late... Welcome to the Year of Truth 2019 (What You Are Not Being Told About Vacines #1),Sharon Storm,4.85,75
Naturally Tan,Tan France,3.86,8403
What You Are Not Being Told about Vaccines: The Year of Truth 2019,Sharon Storm,4.8,60
Wanderers,Chuck Wendig,4.04,6838
Waisted,Randy Susan Meyers,3.16,1015
The Passengers,John Marrs,4.11,6415
"Blind Spot (The Evelyn Talbot Chronicles, #4)",Brenda Novak,4.36,916
"Once Upon a Bad Boy (Sometimes in Love, #3)",Melonie Johnson,3.98,564
The Bookshop on the Shore,Jenny Colgan,3.92,6643
The Southern Side of Paradise (Peachtree Bluff #3),Kristy Woodson Harvey,4.17,2238
Wildflower Hope,Grace Greene,4.4,343
Wildflower Heart (The Wildflower House #1),Grace Greene,4.07,1732
Keeping Lucy,T. Greenwood,4.05,2455
Natalie Tan's Book of Luck and Fortune,Roselle Lim,3.44,3427
Leo Gray and the Lunar Eclipse,K.J. Kruk,4.2,114
Neutral Grounds,Jiffy Kate,4.36,212
Rain and Embers,Ali Nuri,4.69,39
The Raven Tower,Ann Leckie,3.99,8031
The Impossible Contract (Chronicles of Ghadid #2),K.A. Doore,4.36,76
A Keeper,Graham Norton,3.99,7569
Come and Get Me,August Norman,4.15,225
Faking Ms. Right (Dirty Martini Running Club #1),Claire Kingsley,4.09,6756
The Murder List,Hank Phillippi Ryan,3.75,1131
"The Last 8 (The Last 8, #1)",Laura Pohl,3.7,700
"Capturing the Devil (Stalking Jack the Ripper, #4)",Kerri Maniscalco,4.32,5459
True Places,Sonja Yoerg,3.97,15957
55 Celebrities With Anxiety: The Secret Weapon Cure That Is Being Concealed,Sharon Storm,4.87,53
"Sapphire Flames (Hidden Legacy, #4)",Ilona Andrews,4.41,11710
The Genius Mind of an Anti-Vaxxer: Truth Unleashed,Sharon Storm,4.9,51
Becoming Dr. Seuss: Theodor Geisel and the Making of an American Imagination,Brian Jay Jones,4.2,565
Under Currents,Nora Roberts,4.14,15904
"Five ​Dark Fates (Three Dark Crowns, #4)",Kendare Blake,3.96,6778
One Night Gone,Tara Laskowski,3.67,662
The Beantown Girls,Jane Healey,4.31,10885
Not Everyone Is Special,Josh Denslow,4.28,54
Glory Road,Lauren K. Denton,4.2,1042
The Forgiving Kind,Donna Everhart,4.15,573
How Long 'til Black Future Month?,N.K. Jemisin,4.3,6009
The Secret of Clouds,Alyson Richman,3.89,1447
"Dear George, Dear Mary: A Novel of George Washington's First Love",Mary Calvi,3.5,565
The Binding,Bridget Collins,3.88,14072
Someone Knows,Lisa Scottoline,3.76,15239
Whisper Network,Chandler Baker,3.66,21609
"Ancestral Night (White Space, #1)",Elizabeth Bear,3.84,1786
The Song of the Jade Lily,Kirsty Manning,4.19,2811
"Chilling Effect (Chilling Effect, #1)",Valerie Valdes,3.69,493
Midnight at the Blackbird Café,Heather Webber,4.12,2071
Black Enough: Stories of Being Young & Black in America,Ibi Zoboi,4.14,1762
The Bird King,G. Willow Wilson,3.77,3563
When August Ends,Penelope Ward,3.99,7146
Please Read This Leaflet Carefully,Karen Havelin,3.98,268
The Secret Ingredient,Nancy Naigle,4.35,369
Emmie and the Tudor King,Natalie Murray,3.87,117
The Guest Book,Sarah Blake,3.6,11421
Where do you go to,Jean Cerfontaine,4.29,42
The Last Dance,Aimee Brown,4.3,225
The Last Letter,Rebecca Yarros,4.32,4238
Lies,Kylie Scott,3.8,3414
"Kingdom of the Blind (Chief Inspector Armand Gamache, #14)",Louise Penny,4.36,27707
"King of Fools (The Shadow Game, #2)",Amanda Foody,4.12,1761
A Single Thread,Tracy Chevalier,3.72,4946
Art Matters: Because Your Imagination Can Change the World,Neil Gaiman,4.23,8274
Stain,A.G. Howard,4.13,2066
If My Body Could Speak,Blythe Baird,4.4,934
Pet,Akwaeke Emezi,4.19,2007
The Unlikely Escape of Uriah Heep,H.G. Parry,3.92,551
"Christmas in Silver Springs (Silver Springs, #6)",Brenda Novak,4.32,989
The Light Over London,Julia  Kelly,3.8,7908
Sunset Beach,Mary Kay Andrews,3.88,11678
"Devil's Daughter (The Ravenels, #5)",Lisa Kleypas,4.12,10973
The Cottage on Rose Lane,Hope Ramsay,4.06,518
Because Internet: Understanding the New Rules of Language,Gretchen McCulloch,4.12,2820
Big Sky (Jackson Brodie #5),Kate Atkinson,3.99,11931
Someone We Know,Shari Lapena,3.96,17488
The Blue,Nancy Bilyeau,3.87,2127
Call It What You Want,Brigid Kemmerer,4.18,3130
Thick: And Other Essays,Tressie McMillan Cottom,4.47,3990
Under My Hijab,Hena Khan,4.35,696
Mistress of the Ritz,Melanie Benjamin,3.78,5302
The Reckless Oath We Made,Bryn Greenwood,4.05,4348
"Wild Country (The World of the Others, #2; The Others, #7)",Anne Bishop,4.25,6617
Cemetery Road,Greg Iles,4.12,11258
Tell No One,Barbara Taylor Sissel,3.72,756
Poetry: Volume 1,Camilla Margiana,4.62,8
The Atlas of Reds and Blues,Devi S. Laskar,3.87,1006
The Love & Lies of Rukhsana Ali,Sabina Khan,3.91,3814
Sophie Last Seen,Marlene Adelstein,4.04,382
"Hope for the Best (The Chronicles of St. Mary's, #10)",Jodi Taylor,4.58,2566
After the Flood,Kassandra Montag,3.75,6791
The View from Alameda Island,Robyn Carr,4.04,3046
The Summer Cottage,Viola Shipman,4.04,1925
Those People,Louise Candlish,3.33,3187
"Dalliances & Devotion (The Truitts, #2)",Felicia Grossman,4.09,69
The Winemaker's Wife,Kristin Harmel,4.14,4676
Appetites & Vices (The Truitts #1),Felicia Grossman,4.03,189
The Summer Guests,Mary Alice Monroe,3.56,3481
Girl in the Rearview Mirror,Kelsey Rae Dimberg,3.24,1494
The History of Living Forever,Jake Wolff,3.61,386
The Favorite Daughter,Patti Callahan Henry,3.99,1756
"Heir of Doom (The Roxanne Fosch Files, #2)",Jina S. Bazzar,4.6,47
American Dreamer (Dreamers #1),Adriana  Herrera,4.09,597
Galaxy Pirates,Tamuna Tsertsvadze,4.56,9
Hunger for Life,Andy  Marr,4.83,36
All Our Broken Pieces,L.D. Crichton,4.21,527
"The Good Luck Girls (The Good Luck Girls, #1)",Charlotte Nicole Davis,4.02,813
Song of Destiny (The Sirens Call #1),Kris Faryn,4.92,12
The Wolf in the Whale,Jordanna Max Brodsky,4.17,1821
"A Little Hatred (The Age of Madness, #1)",Joe Abercrombie,4.51,6170
The Lady from the Black Lagoon: Hollywood Monsters and the Lost Legacy of Milicent Patrick,Mallory O&#39;Meara,4.08,2641
The Boy Who Steals Houses,C.G. Drews,4.45,1239
Lineage,C Vonzale Lewis,4.88,8
"Stolen (The Stolen Series, #1)",Marlena Frank,4.04,56
"The Girl the Sea Gave Back (Sky in the Deep, #2)",Adrienne Young,3.62,2870
Firestarter (Timekeeper #3),Tara Sim,4.26,578
My Ex-Best Friend's Wedding,Wendy  Wax,3.99,1190
Sissy: A Coming-of-Gender Story,Jacob Tobia,4.09,2202
The Beekeeper of Aleppo,Christy Lefteri,4.24,7854
"The Second We Met (Fulton U, #2)",Maya Hughes,4.05,1721
The Nanny,Gilly Macmillan,3.74,5861
The Bookish Life of Nina Hill,Abbi Waxman,3.87,21493
Reservation with Death (The Park Hotel Mysteries #1),Diane Capri,4.2,99
A Fire Sparkling,Julianne MacLean,4.38,12962
Call Your Daughter Home,Deb Spera,4.31,3296
"The Vine Witch (Vine Witch, #1)",Luanne G. Smith,3.88,13092
Coming Home (Chandler Hill Inn #2),Judith Keim,4.53,219
A Thousand Sisters: The Heroic Airwomen of the Soviet Union in World War II,Elizabeth E. Wein,3.96,299
Leading Men,Christopher Castellani,3.55,965
"The American Agent (Maisie Dobbs, #15)",Jacqueline Winspear,4.32,7593
Children of Ruin (Children of Time #2),Adrian Tchaikovsky,4.11,7614
The Taking of Annie Thorne,C.J. Tudor,3.65,11783
Lost Children Archive,Valeria Luiselli,3.87,5322
The Library of Lost and Found,Phaedra Patrick,3.69,10076
Tell Me Everything,Cambria Brockman,3.67,2072
Descendant of the Crane,Joan He,3.74,3803
Before She Was Found,Heather Gudenkauf,3.94,6329
"Serpent & Dove (Serpent & Dove, #1)",Shelby Mahurin,4.23,18755
Conviction,Denise Mina,3.7,7412
Drive Your Plow Over the Bones of the Dead,Olga Tokarczuk,3.99,9385
"Resistance Reborn (Journey to Star Wars: The Rise of Skywalker, #1)",Rebecca Roanhorse,3.82,3477
Marriage for One,Ella Maise,3.96,9033
Lost and Found,Orson Scott Card,4.07,968
"Faking Forever (First Wives, #4)",Catherine Bybee,4.37,4538
If You Want to Make God Laugh,Bianca Marais,4.42,1225
The Scent Keeper,Erica Bauermeister,4.02,1438
Last Summer,Kerry Lonsdale,3.96,6518
The Confessions of Frannie Langton,Sara  Collins,3.63,4740
Any Old Diamonds (Lilywhite Boys #1),K.J. Charles,4.34,1818
"There's Something About Sweetie (Dimple and Rishi, #2)",Sandhya Menon,4.14,3928
"The Lady's Guide to Celestial Mechanics (Feminine Pursuits, #1)",Olivia Waite,4.18,1656
"Indefinite (Salvation, #6)",Corinne Michaels,4.35,1954
The Outside,Ada Hoffmann,3.87,639
The Golden Hour,Beatriz Williams,3.81,7955
Love From A to Z,S.K. Ali,4.12,3453
The Women of the Copper Country,Mary Doria Russell,4.14,1272
Bethlehem,Karen    Kelly,3.88,554
Disaster's Children,Emma Sloley,3.31,78
The Cliff House,RaeAnne Thayne,4.11,2189
The Warehouse,Rob Hart,3.87,3456
Rival's Break (Sharpe & Donovan #9),Carla Neggers,4.04,427
"Sweep of the Blade (Innkeeper Chronicles, #4)",Ilona Andrews,4.57,8401
"Melt for You (Slow Burn, #2)",J.T. Geissinger,4.38,7308
An Orchestra of Minorities,Chigozie Obioma,3.69,2265
The Oysterville Sewing Circle,Susan Wiggs,3.95,5346
Cape May,Chip Cheek,3.06,2972
Savaged,Mia Sheridan,4.32,4800
Life Is Good: Wit & Wisdom of a Vermont Homesteader,Nancy Carey Johnson,4.93,14
"The Kingmaker (All the King's Men Duet, #1)",Kennedy Ryan,4.13,4386
Park Avenue Player,Penelope Ward,4.26,9375
Swimming for Sunlight,Allie Larkin,4.05,463
Monarchs Under the Sassafras Tree,Lillah Lawson,4.82,11
Binding Circumstance,Kelley Griffin,4.93,30
"Endometriosis: it's not in your head, it's in your pelvis",Bethany Stahl,5.0,4
Where Are You From?,Yamile Saied Méndez,4.37,613
"Are You There, Karma? It's Me, Jane. (The Awkward Adventures of Jane Nash #1)",Christine Zolendz,3.91,54
"Separated by the Border: A Birth Mother, a Foster Mother, and a Migrant Child's 3,000-Mile Journey",Gena Thomas,4.71,68
The Things We Cannot Say,Kelly Rimmer,4.51,13823
"Fairy Tale Lies (Opposites Attract, #1)",D.K. Marie,4.66,41
Until the Day I Die,Emily Carpenter,3.97,1823
Women Talking,Miriam Toews,3.62,13068
"Postscript (P.S. I Love You, #2)",Cecelia Ahern,4.23,2400
The Lost Girl,Anne Ursu,3.95,1093
Hy Brasil: Island of Eternity,Robert E. Kearns,4.5,20
Lights All Night Long,Lydia  Fitzpatrick,3.96,2229
Wandering in Wonderland (Book #1),Aislinn Honeycutt,4.0,36
"Twisted Marriage (Filthy Vows, #2)",Alessandra Torre,4.14,1582
The Kingdom,Jess Rothenberg,3.87,3520
"Men and Monsters (Nightfall, #2)",Elena May,4.54,124
The Write Escape,Charish Reid,4.06,127
The Doll Factory,Elizabeth Macneal,3.76,6810
"The October Man (Rivers of London, #7.5)",Ben Aaronovitch,4.05,4567
"Bringing Down the Duke (A League of Extraordinary Women, #1)",Evie Dunmore,4.06,8790
Wolf of Sight (Gypsy Healer #5),Quinn Loftis,4.61,203
Libraries for Writers,Sarah Perry,4.33,3
"The Merciful Crow (The Merciful Crow, #1)",Margaret  Owen,3.96,3803
The Tea Dragon Festival,Katie O&#39;Neill,4.53,2001
The Book You Wish Your Parents Had Read,Philippa Perry,4.15,1555
The Last Train to London,Meg Waite Clayton,4.15,1687
Things in Jars,Jess Kidd,4.12,1044
Degrees of Guilt,H.S. Chandler,4.3,540
"A Question of Holmes (Charlotte Holmes, #4)",Brittany Cavallaro,4.02,4066
"Cilka's Journey (The Tattooist of Auschwitz, #2)",Heather   Morris,4.42,14913
The Speed of Falling Objects,Nancy Richardson Fischer,4.17,369
Let Me Hear a Rhyme,Tiffany D. Jackson,4.14,1341
The Devil Aspect,Craig Russell,4.02,1658
The Only Worlds We Know,Michael   Lee,4.39,62
"Plan B (Best Laid Plans, #2)",Jana Aston,4.2,3777
Demon Magic and a Martini (The Guild Codex: Spellbound #4),Annette Marie,4.39,3327
Bunny,Mona Awad,3.47,5720
As Many Nows as I Can Get,Shana Youngdahl,3.92,363
Fountain Dead,Theresa Braun,4.03,60
The Medallion,Cathy Gohlke,4.6,289
"The Game You Play (Rixon Raiders, #2)",L.A. Cotton,4.23,1041
The Unlikely Adventures of the Shergill Sisters,Balli Kaur Jaswal,3.79,5174
Old Bones (Nora Kelly #1),Douglas Preston,4.13,6339
Just My Type,Tara Sivec,4.31,2881
The Best Lies,Sarah Lyu,3.6,1085
What We Talk About When We Talk About Books: The History and Future of Reading,Leah Price,3.38,364
Stepsister,Jennifer Donnelly,4.1,7343
A Lily in the Light,Kristin Fields,3.88,5874
How Not to Die Alone,Richard Roper,3.69,8124
"The Golden Tresses of the Dead (Flavia de Luce, #10)",Alan Bradley,3.94,10158
The Plotters,Un-su Kim,3.55,1686
A Brightness Long Ago,Guy Gavriel Kay,4.18,2763
The Art of Falling in Love,Haleigh Wenger,4.21,39
Woman 99,Greer Macallister,3.75,2274
"The Weaver (Weaver Trilogy, #1)",Heather Kindt,3.37,102
Moti on the Water,Leylah Attar,4.47,1094
"Work for It (Just for Him, #4)",Talia Hibbert,4.32,682
Aria,Nazanine Hozar,3.65,626
"Third to Tumble (Moonlight Rogues, #3)",Alexa Whitewolf,4.75,12
Old Baggage,Lissa Evans,3.92,2186
Perfectly Adequate,Jewel E. Ann,4.23,2553
Coders: The Making of a New Tribe and the Remaking of the World,Clive Thompson,4.04,1018
Midnight Valentine,J.T. Geissinger,4.24,2826
Nanaville: Adventures in Grandparenting,Anna Quindlen,4.07,2306
Embrace Your Weird: Face Your Fears and Unleash Creativity,Felicia Day,4.15,592
A Computer Called Katherine: How Katherine Johnson Helped Put America on the Moon,Suzanne Slade,4.27,282
Where the Light Enters,Sara Donati,4.21,1685
Ginjuh,Chase Connor,4.07,116
"Violent Ends (White Monarch, #2)",Jessica Hawkins,4.34,1895
"Ambush (Sydney Rose Parnell, #3)",Barbara Nickless,4.49,2145
The Rosie Result (Don Tillman #3),Graeme Simsion,4.04,16008
Dig,A.S. King,4.24,1869
"The Military Wife (A Heart of a Hero, #1)",Laura Trentham,4.33,563
All the Bad Apples,Moïra Fowley-Doyle,4.05,1237
I'm Not Dying with You Tonight,Kimberly   Jones,3.61,6293
The Far Field,Madhuri Vijay,3.87,3949
"Dear Haiti, Love Alaine",Maika Moulite,3.76,802
"Gravemaidens (Gravemaidens, #1)",Kelly Coon,3.63,590
"Girls with Sharp Sticks (Girls with Sharp Sticks, #1)",Suzanne Young,3.95,3737
Luna and the Lie,Mariana Zapata,4.13,16203
We Have Always Been Here: A Queer Muslim Memoir,Samra Habib,4.17,599
Sea People: The Puzzle of Polynesia,Christina Thompson,4.19,1039
"The Unkindest Tide (October Daye, #13)",Seanan McGuire,4.36,2973
"Stronger, Faster, and More Beautiful",Arwen Elys Dayton,3.79,1845
False Step,Victoria Helen Stone,3.57,10965
"Age of Legend (The Legends of the First Empire, #4)",Michael J. Sullivan,4.39,3998
"Violent Delights (White Monarch, #1)",Jessica Hawkins,4.21,2494
Autumn Nights: 13 Spooky Fall Reads,Cass Kim,4.35,51
"A Prince on Paper (Reluctant Royals, #3)",Alyssa Cole,4.09,2685
Lady in the Lake,Laura Lippman,3.58,10205
The Current,Tim Johnston,3.65,4189
The Field Guide to the North American Teenager,Ben Philippe,3.81,2478
"Violent Triumphs (White Monarch, #3)",Jessica Hawkins,4.37,1277
Someday Is Not a Day in the Week: 10 Hacks to Make the Rest of Your Life the Best of Your Life,Sam Horn,3.74,193
Slay,Brittney Morris,4.27,1826
"Armistice (The Amberlough Dossier, #2)",Lara Elena Donnelly,4.11,663
How to Hack a Heartbreak,Kristin Rockaway,3.41,2522
"The Burning Shadow (Origin, #2)",Jennifer L. Armentrout,4.4,2883
Unfollow: A Journey from Hatred to Hope,Megan Phelps-Roper,4.26,2180
The Old Drift,Namwali Serpell,3.76,1650
"The Beautiful (The Beautiful, #1)",Renée Ahdieh,3.65,6364
A Different Kind of Fire,Suanne Schafer,4.17,121
The Best Thing,Mariana Zapata,4.07,10322
The Plus One,Sarah    Archer,3.03,531
"Storm and Fury (The Harbinger, #1)",Jennifer L. Armentrout,4.21,5440
The Chestnut Man,Søren Sveistrup,4.23,11933
"Grave Destiny (Alex Craft, #6)",Kalayna Price,4.32,2443
"Terminal Uprising  (Janitors of the Post-Apocalypse, #2)",Jim C. Hines,4.18,728
The Summer Demands,Deborah  Shapiro,3.11,316
A Five-Minute Life,Emma   Scott,4.47,2953
Jade War (The Green Bone Saga #2),Fonda Lee,4.45,1273
When We Left Cuba,Chanel Cleeton,4.02,11344
Hedy Lamarr's Double Life: Hollywood Legend and Brilliant Inventor,Laurie Wallmark,4.28,258
"Deal with the Devil (Forge Trilogy, #1)",Meghan March,4.35,7343
"Crown of Feathers (Crown of Feathers, #1)",Nicki Pau Preto,4.12,3742
"The Simple Wild (Wild, #1)",K.A. Tucker,4.44,16465
The A List (Ali Reynolds Series Book 14),J.A. Jance,3.97,2415
Holding on to Forever,Siobhan Davis,4.26,589
The First Girl Child,Amy Harmon,4.34,5612
Zucked: Waking Up to the Facebook Catastrophe,Roger McNamee,3.74,1563
Hotshot Doc,R.S. Grey,4.12,11761
Elsey Come Home,Susan    Conley,3.24,740
White,Bret Easton Ellis,3.6,2183
"A Lesson in Thorns (Thornchapel, #1)",Sierra Simone,4.0,2735
The Hidden Things,Jamie  Mason,3.63,327
Meet Me in the Future: Stories,Kameron Hurley,3.98,255
Renia's Diary: A Holocaust Journal,Renia Spiegel,3.63,544
The Van Apfel Girls Are Gone,Felicity McLean,3.49,2395
Say You Still Love Me,K.A. Tucker,3.86,6041
Lost and Found,Danielle Steel,4.14,3725
"The Crowded Hour: Theodore Roosevelt, the Rough Riders, and the Dawn of the American Century",Clay Risen,4.01,158
They Could Have Named Her Anything,Stephanie Jimenez,3.06,1740
Beautiful Bad,Annie  Ward,3.65,4992
"Beard Necessities (Winston Brothers, #7)",Penny Reid,4.34,5004
One Day in December,Josie Silver,3.99,102928
"Bad, Bad Bluebloods (Rich Boys of Burberry Prep #2)",C.M. Stunich,4.39,6583
Arrogant Devil,R.S. Grey,4.23,10542
"Filthy Vows (Filthy Vows, #1)",Alessandra Torre,3.91,3185
The Greta Thunberg Story: Being Different is a Superpower,Michael Part,3.91,11
Something Worth Saving,Sandi Ward,3.84,459
"Murder in the First Edition (Beyond the Page Bookstore Mystery, #3)",Lauren  Elliott,4.06,563
Fatal Throne: The Wives of Henry VIII Tell All,Candace Fleming,3.97,1987
Zodiac States,William Stalker,3.53,19
"The Guy on the Right (The Underdogs, #1)",Kate  Stewart,4.31,6681
Takes One to Know One,Susan Isaacs,3.21,487
After We Fall (After We Fall #2),Melanie Harlow,4.24,12683
Dare,S.L. Scott,4.26,846
"All of Me (Confessions of the Heart, #2)",A.L. Jackson,4.31,2987
The Guardians,John Grisham,4.25,22519
The Disasters,M.K. England,3.69,2900
Gingerbread,Helen Oyeyemi,3.07,6132
The Important Thing About Margaret Wise Brown,Mac Barnett,4.32,869
After the Eclipse,Fran Dorricott,4.02,267
The Marriage Lie,Kimberly Belle,3.93,39133
The Glovemaker,Ann Weisgarber,3.8,1272
Empress of Forever,Max Gladstone,3.95,1557
Naked Love,Jewel E. Ann,4.32,3138
"Nobody's Victim: Fighting Psychos, Stalkers, Pervs, and Trolls",Carrie Goldberg,4.2,523
You Can Have Manhattan,P. Dangelico,4.18,2705
Shortest Way Home: One Mayor's Challenge and a Model for America's Future,Pete Buttigieg,4.25,9187
The Empty Nesters,Carolyn Brown,4.16,3738
You Suck at Cooking: The Absurdly Practical Guide to Sucking Slightly Less at Making Food,You Suck at Cooking,4.21,91
Crossfire Hurricane: Inside Donald Trump's War on the FBI,Josh Campbell,4.19,161
The Study of Animal Languages,Lindsay Stern,3.26,439
Let It Snow,Nancy Thayer,3.73,2300
An Unsettled Grave (A Santero and Rein Thriller #2),Bernard Schaffer,4.71,135
Drawing Home,Jamie Brenner,3.82,1528
The Other Mrs. Miller,Allison Dickson,3.56,2910
The Burning White (Lightbringer #5),Brent Weeks,4.38,7262
Never Sorry Ever Jolly,Autumn Cornwell,4.67,6
The Art of Hunting Humans: A radical and confronting explanation of the human mind,Sidney Mazzi,4.41,39
"Bursts of Fire (Addicted to Heaven, #1)",Susan Forest,3.4,67
Behind the Lens,Nasirah Kathrada,4.78,9
Pleasure Activism: The Politics of Feeling Good,Adrienne Maree Brown,4.39,966
Walking Between Worlds: A Spiritual Odyssey,Athena Demetrios,5.0,3
If Only,Melanie    Murphy,3.84,567
Life Has A Way,Dwayne      Jenkins,5.0,3
Get What You Want from Your Man: A Guide to Creating the Relationship You Deserve,Shirley Baldwin,0.0,0
Ravine Lereux,E. Denise Billups,4.88,8
The Mask of Midnight: A Gabriel McRay Novel,Laurie Stevens,4.47,15
Shades of Light,Sharon Garlough Brown,4.54,235
Mating Season,Yael Maree,4.59,27
Trapper's Grounding,Dawn Chevoya,4.38,8
"Darkdawn (The Nevernight Chronicle, #3)",Jay Kristoff,4.41,8790
Bailey Brings Her Friends Together with Music,Kali Bate,5.0,1
The Box Top to Life's Puzzle,Marcus Hurst,5.0,1
Winterdream,Chantal Gadoury,3.86,141
Lanterns In The Sky,P.S. Malcolm,4.15,20
Tidelands (Fairmile #1),Philippa Gregory,3.81,5008
Permanent Record,Edward Snowden,4.41,10550
"Summoned (Demon Summoner Trilogy, #1)",Mckayla Eaton,4.26,23
Demigods Academy: Year One,Elisa S. Amore,4.43,501
Longing for Love (Sunset Bay Romance #3),Debra Clopton,4.75,57
The Irish Princess,Elizabeth Chadwick,4.31,296
The Journey Home To Pemberley: A Pride and Prejudice Variation,Joana Starnes,4.43,246
Resistance Women,Jennifer Chiaverini,4.03,4943
Unmasking the Shadow Man,Debbie Herbert,4.57,44
Mya: His Majesty's Elite,Missy Sheldrake,5.0,1
VSS365 Anthology: Volume One,Mark A. King,4.5,18
A Tangled Weave,Michael Skeet,4.43,7
"Whose Waves These Are (Whose Waves These Are, #1)",Amanda Dykes,4.52,662
Gretchen,Shannon Kirk,3.73,1244
"Lycan's Blood Queen (Randolph Duology, #1)",Catherine Edward,4.55,40
"Elsewhere: One Woman, One Rucksack, One Lifetime of Travel",Rosita Boland,4.29,145
Bobbit Rock: A Psychological Horror Novel,Joseph Landing,4.29,7
"Vendetta in Death (In Death, #49)",J.D. Robb,4.36,9458
Seraphim (The Seventh Day #1),Leslie Swartz,4.42,19
"Conor (Boston Underworld, #6)",A. Zavarelli,4.22,2289
Unnatural Causes,Richard  Shepherd,4.37,6884
Pure Magnetism (Pure/ Dark Ones #9),Aja James,4.66,59
"Salt & Steel (Akio's Tale, #1)",NAK Baldron,5.0,10
Four Countries One Life,Lydia Cutler,4.85,13
"Lucifer's Nebula (Lucifer's Star, #2)",C.T. Phipps,4.32,66
Wildhood: The Epic Journey from Adolescence to Adulthood in Humans and Other Animals,Barbara Natterson-Horowitz,4.11,94
The Map of Knowledge: How Classical Ideas Were Lost and Found: A History in Seven Cities,Violet Moller,3.86,301
"Mr. Lemoncello's All-Star Breakout Game (Mr. Lemoncello's Library, #4)",Chris Grabenstein,4.22,986
This Never Happened,R. Tim Morris,4.62,8
"A Natural (The Natural, #1)",Nora McKinney,4.36,22
No More Pets,Linda Sachs,5.0,2
"At Death's Door (Deadman's Cross, #3)",Sherrilyn Kenyon,4.08,686
Lokhi & I: The Unseen Journey Of A Domestic Worker,Mallika Sothinathan,4.0,2
Ada Lovelace Cracks the Code,Rebel Girls,4.35,46
The World That We Knew,Alice Hoffman,4.26,7203
The Fire Within The Cult: Based on a True Story,Courtnie Christensen,5.0,4
"Silent Souls Weeping: Depression—Sharing Stories, Finding Hope",Jane Clayson Johnson,4.58,915
Cheshire Crossing,Andy Weir,3.57,1874
Vow of Thieves,Mary E. Pearson,4.42,2945
Girl,Edna O&#39;Brien,3.77,986
Spying on the South: Travels with Frederick Law Olmsted in a Fractured Land,Tony Horwitz,4.01,1305
The Fine Art of Losing Control,Ashley  Shepherd,4.25,91
Remember Me,Nelle L&#39;Amour,4.39,241
The Princess of Clèves,Madame de La Fayette,3.43,9223
The Ember Blade (The Darkwater Legacy #1),Chris Wooding,4.17,1286
My Persian Paradox: Memories of an Iranian Girl,Shabnam Curtis,4.19,43
The Yellow House,Sarah M. Broom,4.08,1777
When The Dead Have It Easy (The Veil Diaries #7),B.L. Brunnemer,4.55,2488
"The Butterfly Girl (Naomi Cottle, #2)",Rene Denfeld,3.91,2731
"Uncrowned (Cradle, #7)",Will Wight,4.53,4655
Enchantée,Gita Trelease,3.73,4529
"Motherland: A Memoir of Love, Loathing, and Longing",Elissa Altman,3.95,333
Dune Song,Anissa M. Bouziane,4.25,16
Duel at Araluen (Ranger's Apprentice: The Royal Ranger #3),John Flanagan,4.42,1955
Coral,Sara Ella,3.64,404
The Other Side,Kim Holden,4.54,1565
"Fuck Yeah, Video Games: The Life and Extra Lives of a Professional Nerd",Daniel  Hardcastle,4.75,181
Gravity,Lynne Schmidt,4.89,18
The Citadel (The concluding volume in The Beachhead trilogy),David       Anderson,5.0,6
Seventh Flag,Sid Balman,4.6,15
"Blowout: Corrupted Democracy, Rogue State Russia, and the Richest, Most Destructive Industry on Earth",Rachel  Maddow,4.43,3758
Kydee,Dawn Doig,4.2,5
The Memory Keeper,Jennifer Camiccia,4.55,69
"Gavin's Song (Road to Salvation: A Last Rider's Trilogy, #1)",Jamie Begley,4.6,1534
Salt in My Soul: An Unfinished Life,Mallory Smith,4.54,602
Unbreak Me,Michelle Hazen,4.02,290
"The Gutter Prayer (The Black Iron Legacy, #1)",Gareth Ryder-Hanrahan,3.96,1546
Desperate Creed (Ryder Creed #5),Alex Kava,4.44,1031
Sapphire (Jewels Cafe #2),Eva Delaney,4.13,211
Papaya,Tanasia Davis-Ramsey,5.0,1
The Five Wishes of Mr. Murray McBride,Joe Siple,4.63,951
Where the Crawdads Sing,Delia Owens,4.5,491932
"Go, Gwen, Go: A Family's Journey to Olympic Gold",Nancy Smirl Jorgensen,4.67,6
The Thing About Jellyfish,Ali Benjamin,4.08,23545
The Best New True Crime Stories: Serial Killers,Mitzi Szereto,5.0,5
"Rise of the Dragons (Rise of the Dragons, #1)",Angie Sage,3.91,220
Share Your Smile: Raina's Guide to Telling Your Own Story,Raina Telgemeier,4.3,229
How Poetry Can Change Your Heart,Megan Falley,4.23,159
Salt for Air (Salt for Air #1),M.C. Frank,3.79,108
One Bronze Knuckle,Kenneth Hunter Gordon,4.38,8
Teenage Suicide Notes: An Ethnography of Self-Harm,Terry Williams,3.2,40
Enzo (Marino Crime Family),Nicole Fox,3.88,205
Marked,S. Andrew Swann,3.58,53
The Late Bloomers' Club,Louise  Miller,3.79,3148
The German Midwife,Mandy  Robotham,4.32,9168
This Is My Body: A Memoir of Religious and Romantic Obsession,Cameron Dezen Hammon,4.45,75
Hook & Crown,Nicole Knapp,3.3,74
Light from Other Stars,Erika Swyler,3.85,1642
The Colonel,Beau North,4.83,30
"Three-Way Split (Comes in Threes, #1)",Elia Winters,3.78,256
America Is Not the Heart,Elaine Castillo,3.92,2155
"Warrior Fae Trapped (Warrior Fae, #1)",K.F. Breene,4.17,4579
A Young Man's game,Paul  Blake,4.58,26
"No Country for Old Gnomes (The Tales of Pell, #2)",Delilah S. Dawson,3.97,1043
The Places I've Cried in Public,Holly Bourne,4.33,1086
Vestiges of Courage: Collected Essays,Mireya S. Vela,5.0,6
The Lord Poet,Megan Franks,4.79,14
Six Goodbyes We Never Said,Candace Ganger,3.54,294
Nephilim (The Seventh Day #2),Leslie Swartz,5.0,5
Bullshit Jobs: A Theory,David Graeber,3.95,5144
How Do You Like Me Now?,Holly Bourne,3.8,5770
Pure Providence (Pure/ Dark Ones #8.5),Aja James,4.72,75
Realm of Ice (Legend of the Nameless One #3),Angela J. Ford,4.38,8
"The Moon Sister (The Seven Sisters, #5)",Lucinda Riley,4.27,10436
"Thaumaturge (The Spellmonger, #11)",Terry Mancour,4.68,821
"Reticence (Custard Protocol, #4)",Gail Carriger,4.37,2225
Surrounded by Idiots: The Four Types of Human Behavior and How to Effectively Communicate with Each in Business,Thomas Erikson,3.21,4942
"Deathcaster (Shattered Realms, #4)",Cinda Williams Chima,4.25,2559
Cold Storage,David Koepp,3.68,3014
Beach Battle Blowout,Chris Grabenstein,4.16,69
To Summon the Familiar: Familiars of the Phoenix Empire,Marty Myers,4.39,376
The Need,Helen          Phillips,3.23,4942
Lovely War,Julie Berry,4.28,4962
"Dark Fae (Ruthless Boys of the Zodiac, #1)",Caroline Peckham,4.5,533
Madam C.J. Walker Builds a Business,Rebel Girls,4.42,45
"Wrecking Ball (Diary of a Wimpy Kid, #14)",Jeff Kinney,4.46,4062
The Heart of a Vicar (The Jonquil Brothers #6),Sarah M. Eden,4.32,1022
"Steel Tide (Seafire, #2)",Natalie C. Parker,4.32,676
Scars Like Wings,Erin  Stewart,4.29,858
Rage for Vengeance (Byrnes Family Ranch #12),Dusty Richards,4.13,55
"Brazen and the Beast (The Bareknuckle Bastards, #2)",Sarah MacLean,4.16,5050
In a Dream You Saw a Way to Survive,Clementine von Radics,3.85,248
La ragazza che doveva morire,David Lagercrantz,3.71,12979
Gypsy Truths (All The Pretty Monsters #6),Kristy Cunning,4.58,3489
"Underlord (Cradle, #6)",Will Wight,4.69,6206
"Kill Switch (Devil's Night, #3)",Penelope Douglas,4.41,5960
Me,Elton John,4.39,8436
Celestial bodies,Jokha Alharthi,3.5,4334
Cari Mora,Thomas  Harris,2.83,5749
The Mortal Word (The Invisible Library #5),Genevieve Cogman,4.21,5435
Spying on the South: An Odyssey Across the American Divide,Tony Horwitz,4.08,95
The Truth About Keeping Secrets,Savannah Brown,4.07,2351
Wadee and the Worry Wakes,Dawn Doig,5.0,4
"Reaper's Wrath (Road to Salvation: A Last Rider's Trilogy, #2)",Jamie Begley,4.03,61
The Grief Keeper,Alexandra Villasante,4.13,805
Bleed For Her,RB Hilliard,4.51,154
The Christmas Boutique (Elm Creek Quilts #21),Jennifer Chiaverini,3.69,1057
In Pieces,Sally Field,3.92,20965
Deaf Republic,Ilya Kaminsky,4.54,1646
The Dakota Winters,Tom Barbash,3.47,2009
The Remarkable Inventions of Walter Mortinson,Quinn Sosna-Spear,3.94,139
Stolen by the Mob Boss (Russian Crime Brotherhood #2),Nicole Fox,4.03,276
Fearfully and Wonderfully: The Marvel of Bearing God's Image,Paul W. Brand,4.62,117
"Space Boy Volume 5 (Space Boy, #5)",Stephen McCranie,4.3,187
American Spy,Lauren Wilkinson,3.53,7518
The Gossamer Mage,Julie E. Czerneda,3.66,110
Not Her Daughter,Rea Frey,3.8,2699
The Night Child,Anna  Quinn,3.79,3325
"Brightwood Street Chronicles, Revised",Deb Rhodes,5.0,1
"The Land: Predators (Chaos Seed, #7)",Aleron Kong,4.56,7692
Seasons of Waiting: A Pride and Prejudice Variation,Christina Morland,4.5,205
Jacked Cat Jive (Kai Gracen #3),Rhys Ford,4.51,434
"The Honey Bus: A Memoir of Loss, Courage and a Girl Saved by Bees",Meredith May,4.31,2420
Patron Saints of Nothing,Randy Ribay,4.41,2249
"Sin & Chocolate (Demigod of San Francisco, #1)",K.F. Breene,4.16,8925
love poem to the sea,Katy  Bennett,4.89,9
"Give Me Forever Love (Give Me, #3 )",Paige P. Horne,4.68,65
Three Star Island,Kat Caulberg,4.63,30
Notes on Uncommon Love: A Poetry Collection,Sylvia Beckett Davidson,5.0,3
Last Woman Standing,Amy Gentry,3.3,818
Color Me In,Natasha Diaz,4.04,623
Chase Darkness with Me: How One True-Crime Writer Started Solving Murders,Billy Jensen,4.18,4710
"Beaten Down, Worked Up: The Past, Present, and Future of American Labor",Steven Greenhouse,4.22,123
Hook Shot (Hoops #3),Kennedy Ryan,4.4,3446
Dark Obsession (Pure/Dark Ones #8),Aja James,4.51,82
Taming Demons for Beginners (The Guild Codex: Demonized #1),Annette Marie,4.35,3314
The Shape of Night,Tess Gerritsen,3.53,3456
"Towers of Heaven (Towers of Heaven, #2)",Cameron Milan,4.45,994
A Season on the Wind: Inside the World of Spring Migration,Kenn Kaufman,4.12,128
Truly Madly Royally,Debbie Rigaud,3.45,387
Setting the Family Free,Eric D. Goodman,4.88,16
"The Storm Crow (The Storm Crow, #1)",Kalyn Josephson,3.85,2619
First Cosmic Velocity,Zach Powers,3.65,208
Shadow of the Conqueror,Shad M. Brooks,3.93,542
To Be Honest,R. Tim Morris,5.0,2
"Millenneagram: The Enneagram Guide for Discovering Your Truest, Baddest Self",Hannah Paasch,3.76,633
Zodiac Academy: The Reckoning (Supernatural Beasts and Bullies #3),Caroline Peckham,4.69,497
The Boy Crisis: Why Our Boys Are Struggling and What We Can Do about It,Warren Farrell,3.82,537
The Wall,John Lanchester,3.62,5981
The Rose,Tiffany Reisz,4.22,1418
The Bartender,Brian     O&#39;Sullivan,4.73,11
"A Good Girl's Guide to Murder (A Good Girl's Guide to Murder, #1)",Holly  Jackson,4.47,3721
Fall and Rise: The Story of 9/11,Mitchell Zuckoff,4.74,1904
Little Weirds,Jenny Slate,3.91,2617
silhouette of a sun-kissed soul,Aida Abdykashova,4.25,4
Alba nera,Giancarlo De Cataldo,3.42,33
"Control of Five (Origins of the Six, #2)",A.K. Koonce,4.31,1447
The Dearly Beloved,Cara Wall,4.16,5873
The Secret Commonwealth (The Book of Dust #2),Philip Pullman,4.17,12858
The Redemption of Time,Baoshu,3.59,651
Horizon,Barry  Lopez,4.21,363
"Valiant (New Species, #3)",Laurann Dohner,4.33,18646
"Shatter the Sky (Shatter the Sky, #1)",Rebecca Kim Wells,3.77,463
The Italian,T.L. Swan,4.27,3290
True to Me,Kay Bratt,4.56,454
Educated,Tara Westover,4.48,493458
Landfall,Thomas Mallon,3.68,200
Sink,Desireé Dallagiacomo,4.22,141
Sinner (The Smoking Vipers MC) (MCs from Hell Collection #1),Nicole Fox,3.8,128
"Space Boy Volume 4 (Space Boy, #4)",Stephen McCranie,4.31,372
The Lesson,Cadwell Turnbull,3.62,770
Devotion,Madeline  Stevens,2.88,552
A Knight Of The Blood,Kenneth W. Barber,4.75,8
Tristan Strong Punches a Hole in the Sky (Tristan Strong #1),Kwame Mbalia,4.38,836
"Fireborne (The Aurelian Cycle, #1)",Rosaria Munda,4.17,1413
"Just Past Two (Comes in Threes, #2)",Elia Winters,3.84,100
Purrfect Secret (The Mysteries of Max #8),Nic Saint,4.42,90
"DEV1AT3 (Lifelike, #2)",Jay Kristoff,4.26,1557
The Night Before,Wendy   Walker,3.68,7458
"Three Days Till Dawn (Antiquity's Gate, #1)",R.F. Hurteau,4.43,37
The Latte Factor: Why You Don't Have to Be Rich to Live Rich,David Bach,3.87,2047
"Give Me Redemption (Give Me, #4)",Paige P. Horne,4.76,37
Like a Love Story,Abdi Nazemian,4.33,2830
"The Book of Flora (The Road to Nowhere, #3)",Meg Elison,3.86,1189
Murder So Heartless (Merry March Mysteries #3),Eileen Curley Hammond,4.62,8
Enter the Circle: Essays on Mental Health & the Occult,Sylvia Beckett Davidson,5.0,2
Coyote Songs,Gabino Iglesias,4.4,410
Hello Girls,Brittany Cavallaro,3.58,1005
The Black Veins (Dead Magic #1),Ashia Monet,4.17,103
"The Satapur Moonstone (Perveen Mistry, #2)",Sujata Massey,3.96,2509
Think Twice,Stephanie    Rose,4.25,422
Pure Ecstasy (Pure/ Dark Ones #7),Aja James,4.49,94
"The Last Seed (The Forbidden, #0.5)",Moud Adel,4.23,13
Nothing Ventured (William Warwick #1),Jeffrey Archer,4.01,5323
Fallen Star (The Eternal Path #2),Ivan Kal,4.36,50
"How to Give Up Plastic: A Guide to Changing the World, One Plastic Bottle at a Time",Will McCallum,3.75,1161
"Royal Holiday (The Wedding Date, #4)",Jasmine Guillory,3.53,6719
Rules for Vanishing,Kate Alice Marshall,3.87,1336
Jenny of Lebanon,Gabrielle Olexa,4.42,36
"A Dangerous Man (Elvis Cole, #18; Joe Pike, #7)",Robert Crais,4.31,6625
The Elephant in the Room: One Fat Man's Quest to Get Smaller in a Growing America,Tommy Tomlinson,4.19,1974
Gender Queer,Maia Kobabe,4.34,2777
Forever Lies,Jill Ramsower,4.16,274
Fantastic Beasts - The Crimes of Grindelwald: The Original Screenplay,J.K. Rowling,4.1,19855
Shortcake,Lucy   Watson,4.32,797
Big Lies in a Small Town,Diane Chamberlain,4.44,976
"Redemption (Amos Decker, #5)",David Baldacci,4.19,20486
I Love the Bones of You: My Father And The Making Of Me,Christopher Eccleston,4.32,186
A New Way: Embracing the Paradox as We Lead and Serve,Matthew Dowd,3.88,65
"The Proposal (The Wedding Date, #2)",Jasmine Guillory,3.43,41043
Before She Knew Him,Peter  Swanson,3.84,22361
The Girls at 17 Swann Street,Yara Zgheib,3.99,6766
Salt Slow,Julia Armfield,4.12,691
Una merce molto pregiata,Jean-Claude Grumberg,4.18,191
Run (Books Of Stone #2),B.L. Brunnemer,4.59,496
Turning Darkness Into Light,Marie Brennan,4.27,559
The Lager Queen of Minnesota,J. Ryan Stradal,4.08,9539
"The Stopover (The Miles High Club, #1)",T.L. Swan,4.29,5568
The World According to Fannie Davis: My Mother's Life in the Detroit Numbers,Bridgett M. Davis,3.9,927
Julia's Daughters,Colleen  Faulkner,4.02,624
Rabbit: The Autobiography of Ms. Pat,Patricia Williams,4.32,6756
Patricide,Dave Harris,4.26,35
"Sold to the Mob Boss (Russian Crime Brotherhood, #3)",Nicole Fox,3.87,574
The Rare,Diane Anthony,4.62,8
The Body in Question,Jill Ciment,3.67,2748
"Boundary Broken (Boundary Magic, #4)",Melissa F. Olson,4.36,1724
Kittyzen's Arrest  (Country Cottage Mysteries #1),Addison Moore,4.22,272
The Curio Cabinet: A Collection of Miniature Stories,Carol Beth Anderson,4.94,18
A Storm of Silver and Ash,Marion Blackwood,4.33,39
The Complicated Heart: Loving Even When It Hurts,Sarah Mae,4.54,314
Morning Subway (Camilla Awakens #1),Camilla Margiana,5.0,8
The Fires of War: The Tyranny of the Archangels,Steven Sands,3.54,13
I Am The Wild (The Night Firm #1),Karpov Kinrade,4.12,1842
"A Mutual Addiction (Mermaid Asylum, #1)",Mary Widdicks,3.92,25
Pure Awakening (Pure/ Dark Ones 6.5),Aja James,4.63,113
"Rise of Tears (Tears of Hatsunae, #1)",Brand J. Alexander,4.83,6
A Dragon from the Desert (The Dragonbond Saga #1),William King,4.3,311
"Buzz, Sting, Bite: Why We Need Insects",Anne Sverdrup-Thygeson,4.15,662
"A House of Rage and Sorrow (The Celestial Trilogy, #2)",Sangu Mandanna,4.51,168
One Good Deed,David Baldacci,4.07,12880
The Clockill and the Thief,Gareth Ward,4.4,30
Shameless: A Sexual Reformation,Nadia Bolz-Weber,4.23,3378
Zodiac Academy: Ruthless Fae,Caroline Peckham,4.63,578
"Daisies and Devotion (Mayfield Family, #2)",Josi S. Kilpack,4.1,834
Strands of Truth,Colleen Coble,4.17,1215
"I Shimmer Sometimes, Too",Porsha Olayiwola,4.68,22
The Mad Logophile: In Pursuit Of Words: Words From The World Of Politics,The Mad Logophile,4.5,2
"Wolfhunter River (Stillhouse Lake, #3)",Rachel Caine,4.14,12279
"The Earl I Ruined (The Secrets of Charlotte Street, #2)",Scarlett Peckham,3.95,1077
Fault Lines: A History of the United States Since 1974,Kevin M. Kruse,4.11,510
Il giudice meschino,Mimmo Gangemi,3.73,15
"A Better Man (Chief Inspector Armand Gamache, #15)",Louise Penny,4.37,18684
"Master of the Phantom Isle (Dragonwatch, #3)",Brandon Mull,4.5,1047
Next Door Secrets (Secrets #2),Karen Lenfestey,3.85,1066
Running for My Life: One Lost Boy's Journey from the Killing Fields of Sudan to the Olympic Games,Lopez Lomong,4.32,4630
Meatspace,Asa Tait,4.44,9
Every Little Piece of Me,Amy Jones,3.69,359
King of Hearts,Nicole Fox,4.25,32
Now Entering Addamsville,Francesca Zappia,3.52,972
"The Rainbow Comes and Goes: A Mother and Son On Life, Love, and Loss",Anderson Cooper,3.84,19338
"Marrow Charm (The Gate Cycle, #1)",Kristin Jacques,4.28,152
Sweet Sorrow,David Nicholls,3.93,3434
Once a Liar,A.F. Brady,3.65,463
"New Ink on Life (Thorn & Thistle, #1)",Jennie Davids,3.81,124
The Unfinished Garden,Barbara Claypole White,4.73,11
"Brave, Not Perfect: Fear Less, Fail More, and Live Bolder",Reshma Saujani,3.87,2683
"The Culling Trials (Shadowspell Academy, #1)",K.F. Breene,3.99,12273
Korrigan,Rebecca F. Kenney,4.38,64
A Surplus of Light,Chase Connor,4.52,243
Love Does for Kids,Bob Goff,4.73,418
"Wicked Saints (Something Dark and Holy, #1)",Emily A. Duncan,3.7,10113
The Secretary,Renée Knight,3.56,2535
100 Days of Sunlight,Abbie Emmons,4.2,785
Legend of the Arch Magus: The Upheaval,Michael Sisa,4.5,657
An Elegant Defense: The Extraordinary New Science of the Immune System: A Tale in Four Lives,Matt Richtel,3.99,952
Golden State,Ben H. Winters,3.51,4456
Holy Envy: Finding God in the Faith of Others,Barbara Brown Taylor,4.41,1639
"Beasts of the Frozen Sun (Frozen Sun Saga, #1)",Jill Criswell,3.94,281
"Healing Hearts (Savage Wells, #2)",Sarah M. Eden,4.16,1507
Have You Seen Luis Velez?,Catherine Ryan Hyde,4.45,10189
"Seven Blades in Black (The Grave of Empires, #1)",Sam Sykes,4.11,1948
perpetual hell: A Memoir,Wendy Othello,2.8,5
Day of the Accident,Nuala Ellwood,4.03,3020
Soft and Low,Jamie Bennett,4.03,246
Lux,Eleonora Marangoni,3.26,180
The Summer Country,Lauren Willig,3.88,2587
Einstein's Unfinished Revolution: The Search for What Lies Beyond the Quantum,Lee Smolin,3.97,277
Last First Kiss: A Second Chance Standalone Romance,Jane Anthony,4.15,230
Grandma Catches a Wave (The Grandma #2),Nancy Warren,4.19,99
Curious Toys,Elizabeth Hand,3.75,465
The Crayons' Christmas,Drew Daywalt,4.03,220
The Red Bandanna: A Life. A Choice. A Legacy.,Tom Rinaldi,4.19,1892
"Stars Over Zephyr (Snow Spark Saga, #3)",Kathryn Lee Martin,4.75,4
"Unspoken (Unspoken, #1)",Celia McMahon,3.91,114
Misfit Angel (Misfit Pack #2),Stephanie Foxe,4.44,426
"The Story of Arthur Truluv (Mason, #1)",Elizabeth Berg,4.16,26375
What Am I Feeling?,Josh Straub,4.52,27
Echoes,Maeve Binchy,3.8,11178
Reckoning of Fallen Gods (The Coven #2),R.A. Salvatore,4.08,365
The Wisdom of Sally Red Shoes,Ruth Hogan,4.06,5201
"The Beholder (The Beholder, #1)",Anna Bright,3.64,2625
"Down Too Deep (Dirty Deeds, #4)",J.  Daniels,4.4,2507
"Towers of Heaven (Towers of Heaven, #1)",Cameron Milan,4.35,1532
A Wild Child's Guide to Endangered Animals,Millie Marotta,4.69,16
Keep This to Yourself,Tom   Ryan,3.91,837
Can Cat and Bird Be Friends?,Coll Muir,3.88,207
"Sparrowhawk (Sparrowhawk, #1-5)",Delilah S. Dawson,3.82,189
You Are Your Own: A Reckoning with the Religious Trauma of Evangelical Christianity,Jamie Lee Finch,4.37,227
"Realm of Knights (Knights of the Realm, #1)",Jennifer Anne Davis,3.98,315
The Unlikely Spy Catchers (St. Brendan #2),Carla Kelly,4.57,133
The Stolen Marriage,Diane Chamberlain,4.23,18220
The Raven's Tale,Cat Winters,3.63,593
Siege: Trump Under Fire,Michael Wolff,3.56,2619
Swallowtail,Brenna Twohy,4.31,113
The Puppeteer,Brian     O&#39;Sullivan,4.26,101
"Karamo: My Story of Embracing Purpose, Healing, and Hope",Karamo Brown,3.93,3183
The Apology,Eve Ensler,4.29,1005
To Best the Boys,Mary  Weber,3.76,3341
"Dangerous Games (Dangerous Beauty, #3)",J.T. Geissinger,4.42,559
"Evelyn, After",Victoria Helen Stone,3.65,22390
The Missing Piece of Charlie O'Reilly,Rebecca Ansari,4.12,324
The Neverglades: Volume One,David Farrow,4.78,9
Crescendo: The True Story of a Musical Genius Who Forever Changed a Southern Town,Allen Cheney,4.48,120
The Recipe Box,Viola Shipman,3.76,2753
Ramen Assassin (Ramen Assassin #1),Rhys Ford,4.09,666
"Mind Games (Kaely Quinn Profiler, #1)",Nancy Mehl,4.16,1532
Thirst: 2600 Miles to Home,Heather &quot;Anish&quot; Anderson,4.2,1015
One Year Home,Marie Force,4.53,1288
The Storm,David Drake,4.19,216
The King of Kindergarten,Derrick Barnes,4.21,549
"Zodiac Academy: Origins of an Academy Bully (Supernatural Bullies and Beasts, #0)",Caroline Peckham,4.39,140
The Big Kahuna (Fox and O'Hare #6),Janet Evanovich,3.57,7913
Even the Saints Audition,Rachel Jackson,4.07,42
And no-one else...,Jaime Swan,4.0,1
"Fiori sopra l'inferno (Teresa Battaglia, #1)",Ilaria Tuti,3.96,1849
"Reveal (Wicked Ways, #2)",K. Bromberg,4.38,2440
Last Kiss Goodnight: A heart-breaking story of lost children and the power of a mother's love,Teresa Driscoll,4.13,1356
Reproduction,Ian    Williams,3.48,353
The Escape Manual for Introverts,Katie Vaz,3.6,265
It Came from Something Awful: How a Toxic Troll Army Accidentally Memed Donald Trump Into Office,Dale Beran,4.06,136
The Women of Dauphine,Deb Jannerson,3.94,36
"The Never Tilting World (The Never Tilting World, #1)",Rin Chupeco,3.78,615
Misfit Fortune (Misfit Pack #3),Stephanie Foxe,4.63,266
The Tear Collector,Shawn Burgess,4.69,67
"The String (Deadly Games, #1)",Caleb Breakey,3.99,155
Hollywood Homicide (Detective by Day #1),Kellye Garrett,3.73,925
Nancy Drew: The Palace of Wisdom,Kelly Thompson,3.89,862
"Promises (Web of Sin, #3)",Aleatha Romig,4.32,2274
"First Song, Book One (Anthem of Infinity #1)",Blaise Corvin,4.41,757
Bits & Pieces,Dawn Hosmer,4.55,140
Turn This World Inside Out: The Emergence of Nurturance Culture,Nora Samaran,4.32,131
"The Bar Next Door (Barflies, #1)",Katia Rose,4.15,81
It's Not Supposed to Be This Way: Finding Unexpected Strength When Disappointments Leave You Shattered,Lysa TerKeurst,4.43,8733
La scomparsa di Patò,Andrea Camilleri,3.86,539
"Resist (Wicked Ways, #1)",K. Bromberg,4.37,3157
Faultlines,Barbara Taylor Sissel,4.05,4522
Crow,Amy Spurway,4.05,193
Modern Kinship: A Queer Guide to Christian Marriage,David Khalaf,4.6,50
Silver in the Wood,Emily Tesh,4.1,1860
Blue Ink (Blue Mountain #3),Tess Thompson,4.58,208
Vigilance (First Colony #7),Ken Lozito,4.36,789
Evidence of the Affair,Taylor Jenkins Reid,3.88,12404
Light from Distant Stars,Shawn Smucker,4.09,369
"Time After Crime (Lumberjanes, Vol. 11)",Shannon Watters,3.89,1160
Theater of Spies (Tales from the Black Chamber #2),S.M. Stirling,4.12,131
Penny Nichols,M.K. Reed,4.15,124
"Zodiac Academy: The Awakening (Supernatural Bullies and Beasts, #1)",Caroline Peckham,4.38,745
A Prayer for Travelers,Ruchika Tomar,3.45,363
"Someone to Honor (Westcott, #6)",Mary Balogh,3.95,1998
We Are All Good People Here,Susan Rebecca White,3.65,835
Vigilance,Robert Jackson Bennett,3.75,1028
Torian,Eden Summers,4.42,365
Wish Me Home,Kay Bratt,4.17,7469
Dual Citizens,Alix Ohlin,3.8,630
In the Name of the Kimberley,Edward Bramfeld,4.38,34
The Bookshop of the Broken Hearted,Robert Hillman,3.68,3178
The Wanderers,Sarah Barkoff,4.76,21
"The First Step (A Thousand Li, #1)",Tao Wong,4.3,1148
Along Comes a Wolfe (Shepherd & Wolfe Mystery #1),Angie Counios,4.16,43
Hell Chose Me,Angel Luis Colón,4.12,32
Just Come Over (Escape to New Zealand #12),Rosalind  James,4.51,703
"A Little Light Mischief (The Turner Series, #3.5)",Cat Sebastian,3.87,804
The Dark Wood,Sydney Mann,4.75,48
"Midnight's End (The Fae Games, #5)",Jill Ramsower,4.69,35
An Evening at Almack's (Timeless Regency Collection #12),Sally Britton,4.24,233
Fight or Flight,Samantha Young,3.81,11379
Allie and Bea,Catherine Ryan Hyde,4.24,15992
The Threat: How the FBI Protects America in the Age of Terror and Trump,Andrew G. McCabe,4.19,5365
Life Is Strange: Dust,Emma Vieceli,4.17,594
"Mutual Rescue: How Adopting a Homeless Animal Can Save You, Too",Carol Novello,4.45,69
Daughter of Moloka'i,Alan Brennert,4.05,6279
Baron Wenckheim's Homecoming,László Krasznahorkai,4.34,166
With You: A Rockstar Romance (Rocked in Love Book 1),Jessica Marlowe,3.89,53
"Shattered Bonds (Jane Yellowrock, #13)",Faith Hunter,4.51,2238
Liars' Paradox,Taylor Stevens,3.77,580
"Kingdom of Souls (Kingdom of Souls, #1)",Rena Barron,3.8,1160
The Twisted Ones,T. Kingfisher,3.74,2401
"In The Shadow of 10,000 Hills",Jennifer Haupt,4.18,924
A Thousand Doors: An Anthology of Many Lives,J.T. Ellison,4.11,344
The Blue Period,Luke Jerod Kummer,3.56,2579
Watcher,Jason Stokes,4.18,50
"Kingsbane (Empirium, #2)",Claire Legrand,4.02,3132
Eternal Storm (Age of Vampires #6),Caroline Peckham,4.69,127
Poison Orchids,Sarah A. Denzil,4.02,1668
"Someone to Trust (Westcott, #5)",Mary Balogh,3.8,2559
Rust & Stardust,T. Greenwood,4.12,5595
The Family Next Door,Sally Hepworth,3.83,19822
Serotonin,Michel Houellebecq,3.64,7024
Never Let Me Go (Bayou Devils MC #6),A.M. Myers,4.34,356
"Circle of the Moon (Soulwood, #4)",Faith Hunter,4.49,2646
The Body Myth,Rheea Mukherjee,3.85,171
The Girl Who Wrote in Silk,Kelli Estes,4.05,18083
"C.A.E.C.O. (Demon Accords, #15)",John Conroe,4.54,1031
Rapid Falls,Amber Cowie,3.78,6180
Still Out There,Laurie Holbrook,3.94,51
"The Stories You Tell (Roxane Weary, #3)",Kristen Lepionka,4.08,635
"There Will Come a Darkness (The Age of Darkness, #1)",Katy Rose Pool,3.87,2082
Harley Quinn: Breaking Glass,Mariko Tamaki,3.98,1153
"Eternal Love (Age of Vampires, #7)",Caroline Peckham,4.7,125
Blood Orange,Harriet Tyce,3.81,5288
Happy-Go-Lucky,L.H. Cosway,3.84,1703
The Tenth Muse,Catherine Chung,4.03,1942
"Times Like These (Blue is the Color, #1)",Julia  Wolf,4.36,897
An Affair of Poisons,Addie Thorley,3.67,871
The New Iberia Blues (Dave Robicheaux #22),James Lee Burke,4.14,4390
Evil Has A Name: The Untold Story of the Golden State Killer Investigation,Paul Holes,4.49,4151
"Lord of Secrets (The Empty Gods, #1)",Breanna Teintze,3.91,89
Summer with My Sisters,Holly Chamberlin,3.33,869
The First Stop (A Thousand Li #2),Tao Wong,4.23,749
Birth of Magic (Sun-Blessed Trilogy #0.5),Carol Beth Anderson,4.13,75
The Beautiful Strangers,Camille Di Maio,4.17,1469
"The Rosewater Insurrection (The Wormwood Trilogy, #2)",Tade Thompson,4.07,1093
"Eternal Night (Age of Vampires, #5)",Caroline Peckham,4.63,139
"Blood for Blood (Ziba MacKenzie, #1)",Victoria Selman,3.79,8349
The Last Breath,Kimberly Belle,3.8,2914
"Dangerous Desires (Dangerous Beauty, #2)",J.T. Geissinger,4.31,801
Golden Child,Claire Adam,3.46,5017
Minutes of Glory,Ngũgĩ wa Thiong&#39;o,3.81,89
Heavy on the Dead (Leo Waterman #12),G.M. Ford,4.42,306
We Came Here to Forget,Andrea Dunlop,3.85,1037
The Killer Across the Table,John E. Douglas,4.12,3979
"Into the Crooked Place (Into the Crooked Place, #1)",Alexandra Christo,3.55,664
Natural Born Witch (Witches of Palmetto Point #8),Wendy Wang,4.43,399
A Map Of The World,Zev Good,4.86,50
Far Away,Lisa Graff,3.72,285
These Things Hidden,Heather Gudenkauf,3.86,33242
Eternal Vow (Age of Vampires #4),Caroline Peckham,4.7,166
The Au Pair,Emma Rous,3.68,13265
Then She Was Gone,Lisa Jewell,4.04,127699
"A Boy Called L (Damaged Souls Golden Hearts, #1)",Amy J. Heart,3.97,206
Old Newgate Road,Keith Scribner,3.58,92
"Carl Perkins' Cadillac: A Quincy Harker, Demon Hunter Urban Fantasy",John G. Hartness,4.49,95
River,Ryen Lesli,4.71,38
The Weight of Silence,Heather Gudenkauf,3.93,38795
"Kiwi Rules (New Zealand Ever After, #1)",Rosalind  James,4.4,515
Eternal Curse (Age of Vampires #3),Caroline Peckham,4.67,189
Sleep,C.L. Taylor,3.91,5443
Finding I AM: How Jesus Fully Satisfies the Cry of Your Heart,Lysa TerKeurst,4.44,960
The Chelsea Girls,Fiona  Davis,3.79,3943
"Lightning Boy (Damaged Souls Golden Hearts, #2)",Amy J. Heart,4.26,198
The Grand Dark,Richard Kadrey,3.67,1050
How to Love a Country,Richard Blanco,4.25,170
Fracture (First Colony #8),Ken Lozito,4.43,535
Fir Lodge (Restarter #1),Sean      McMahon,4.51,55
One Breath Away,Heather Gudenkauf,3.98,16013
"A Shifting of Stars (Of Stars, #1)",Kathy Kimbray,3.9,134
The Furies,Katie Lowe,3.14,1608
"The Truce (London Suits, #1)",Becca Steele,4.24,115
The Lost Letter,Jillian Cantor,4.2,7492
The Flight Portfolio,Julie Orringer,3.71,3392
"Discretion (The Dumonts, #1)",Karina Halle,3.72,2318
No Ashes in the Fire: Coming of Age Black and Free in America,Darnell L. Moore,4.17,1215
Proud,Juno Dawson,4.37,686
"Saving Fable (Talespinners, #1)",Scott Reintgen,4.32,155
Summer at Firefly Beach,Jenny  Hale,4.01,621
Tooth and Nail (Lost Falls #3),Chris  Underwood,4.57,218
Eyes of Wynter (Storm Bloodline Saga #1),Emmy R. Bennett,4.61,23
Eternal Shade (Age of Vampires #2),Caroline Peckham,4.59,202
The Flower Girls,Alice Clark-Platts,3.69,2430
I Dare You,Ilsa Madden-Mills,3.88,13841
"The Rosewater Redemption (The Wormwood Trilogy, #3)",Tade Thompson,4.13,400
"No One to Hold (The Hold, #1)",Arell Rivers,4.08,274
Talent,Juliet Lapidos,3.13,505
Growing Up African in Australia,Maxine Beneba Clarke,4.3,155
7 Things That Change Everything,Jody Lamb,3.5,6
"Fleet of Knives (Embers of War, #2)",Gareth L. Powell,4.02,707
Eternal Reign (Age of Vampires #1),Caroline Peckham,4.48,290
The Rumour,Lesley Kara,3.82,12302
"The Truth About Cowboys (Sweetwater, #1)",Lisa Renee Jones,4.26,836
"Riding Hard (Bennett Boys Ranch, #2)",Lauren Landish,4.47,2553
"The Final Days of Magic (Witches of New Orleans, #3)",J.D. Horn,3.9,441
Spring,Ali Smith,4.28,3167
Simultaneous Meltdown,Robert Downs,4.45,11
"Heaven, My Home (Highway 59 #2)",Attica Locke,3.99,1417
Mrs Escobar: My life with Pablo,Victoria Eugenia Henao,3.86,167
"One Final Breath (Dive Team Investigations, #3)",Lynn H. Blackburn,4.67,322
Not That I Could Tell,Jessica Strawser,3.53,13701
Born of Nothing,Jill Ramsower,4.46,68
The Dugout,Meghan Quinn,4.38,4002
Dear Everly,London Casey,4.27,1672
"Witch's Honor (Bloody Hearts, #2)",Anya J. Cosgrove,4.44,151
Wild Open Hearts,Kathryn  Nolan,4.39,1808
"The Malta Exchange (Cotton Malone, #14)",Steve Berry,3.9,4267
"Ever After With You (Indigo, #4)",Kate McBrien,4.69,13
"Cursed Souls (Bloody Hearts, #3)",Anya J. Cosgrove,4.46,145
The Mogul and the Muscle,Claire Kingsley,4.33,2771
Bella Toscana,Nanette Littlestone,4.39,33
"Waiting for You (Indigo, #2)",Kate McBrien,4.24,29
"That Ain’t Witchcraft (InCryptid, #8)",Seanan McGuire,4.34,2153
The Affair,Sheryl Browne,3.75,2825
"Shadow Walker (Bloody Hearts, #1)",Anya J. Cosgrove,4.15,316
Crazy for Loving You,Pippa Grant,4.29,2228
Ashes,Sharon Gloger Friedman,4.61,62
"Always With You (Indigo, #3)",Kate McBrien,4.36,22
"The Girl King (The Girl King, #1)",Mimi Yu,3.63,1244
Academic Freedom,Jennifer Lackey,4.2,5
Blood Drops: A Collection of Horror Short Stories,W.B. Welch,4.29,105
Hunter Trials (The V Games #7),Caroline Peckham,4.63,111
The Price Of Scandal,Lucy Score,4.32,3804
Blackbird,Lisa Shelby,4.46,69
A Book of Bones (Charlie Parker #17),John Connolly,4.29,2143
The Locker Room,Meghan Quinn,4.15,6266
My Life in Shambles,Karina Halle,4.03,7214
Half Finished,Lauraine Snelling,3.79,330
This Book of Mine,Sarah Stewart,3.97,330
Changing the Game,Ember Leigh,4.02,86
Turbulence,David Szalay,3.66,2461
The Last Unknowns,John Brockman,3.29,92
The Lost Carousel of Provence,Juliet Blackwell,3.94,1049
Where the Blame Lies,Mia Sheridan,4.44,3680
Breaking the Rules,Ember Leigh,3.84,290
Letters from an Astrophysicist,Neil deGrasse Tyson,4.06,963
Little Do You Know (Bayou Devils MC 5),A.M. Myers,4.38,349
The Magnolia Sword: A Ballad of Mulan,Sherry Thomas,4.11,941
The Quiet You Carry,Nikki Barthelmess,4.09,405
"Discovering You (Indigo, #1)",Kate McBrien,4.03,61
A Stone Sat Still,Brendan Wenzel,4.28,933
After the End,Clare Mackintosh,4.08,7887
Wolf Games: Severed Fates (The V Games #6),Caroline Peckham,4.69,132
The Right Man,Michelle Mankin,4.4,194
"Ship of Smoke and Steel (The Wells of Sorcery, #1)",Django Wexler,3.9,1412
"The Department of Sensitive Crimes (Detective Varg, #1)",Alexander McCall Smith,3.49,4217
Christmas at the Lakeside Resort (Lakeside Resort #1),Susan Schild,4.33,1990
"Twilight Siege (The Fae Games, #2)",Jill Ramsower,4.24,185
"The Similars (The Similars, #1)",Rebecca Hanover,3.77,1941
"Dangerous Beauty (Dangerous Beauty, #1)",J.T. Geissinger,4.22,1446
The Liar's Child,Carla Buckley,3.5,856
Birthday,Meredith Russo,4.29,4042
Cruel Sanctuary (Wages of Sin #1),Tara  Leigh,4.09,900
"The Harp of Kings (Warrior Bards, #1)",Juliet Marillier,4.12,1386
American Magic: A Thriller,Zach Fehst,3.55,116
Proper English,K.J. Charles,4.21,1022
Corrupt Savior (Wages of Sin #2),Tara  Leigh,4.08,676
"A Trick of Light (Stan Lee’s Alliances, #1)",Stan Lee,3.86,1200
Brave Face: A Memoir,Shaun David Hutchinson,4.48,949
Another Sky,Jayne Frost,4.39,826
Black Card,Chris L. Terry,4.02,130
When Death Becomes Life: Notes from a Transplant Surgeon,Joshua D. Mezrich,4.21,958
Decker,Eden Summers,4.31,580
Keep Going: 10 Ways to Stay Creative in Good Times and Bad,Austin Kleon,4.37,2586
Suicide Tango: My Year Killin' It With A Shrink,Tripsy South,3.27,33
The Wish Collector,Mia Sheridan,4.24,5645
Firefly: Big Damn Hero,James Lovegrove,3.81,1774
Right after the Weather,Carol Anshaw,3.1,299
Duplicity (Jilted #1),S.M. Shade,4.28,482
Kingdom of Needle and Bone,Mira Grant,3.94,1128
It Ends Tonight (Bayou Devils MC Book 4),A.M. Myers,4.43,399
Low Country Christmas (Safe Haven #3),Lee Tobin McClain,4.22,197
"How Rory Thorne Destroyed the Multiverse (The Thorne Chronicles, #1)",K. Eason,4.03,636
"Legacy of Lies (Legacy of Lies, #1)",Tara  Leigh,4.02,877
The Truths We Hold: An American Journey,Kamala Harris,3.91,5111
"Buck Wild (Bennett Boys Ranch, #1)",Lauren Landish,4.23,3592
A Bad Deal for the Whole Galaxy (The Salvagers #2),Alex White,4.14,1143
"Pieces of Us (Confessions of the Heart, #3)",A.L. Jackson,4.17,3769
An Orc on the Wild Side,Tom Holt,3.75,165
"Hungry: Eating, Road-Tripping, and Risking It All with the Greatest Chef in the World",Jeff Gordinier,3.89,476
Black Death at the Golden Gate: The Race to Save America from the Bubonic Plague,David K. Randall,3.98,581
"The Bitterroots (Cassie Dewell, #4)",C.J. Box,4.04,4442
Fixing the Fates: An Adoptee's Story of Truth and Lies,Diane Dewey,4.19,27
Dress Like a Girl,Patricia Toht,3.55,364
Childfree by Choice: The Movement Redefining Family and Creating a New Age of Independence,Amy Blackstone,3.92,277
"Bitcoin Billionaires: A True Story of Genius, Betrayal, and Redemption",Ben Mezrich,3.98,1822
Doing Time (The Time Police #1),Jodi Taylor,4.57,1242
Summer at the Lakeside Resort (Lakeside Resort #2),Susan Schild,4.44,289
One Day: The Extraordinary Story of an Ordinary 24 Hours in America,Gene Weingarten,4.1,440
The Favorite Daughter,Kaira Rouda,3.53,3903
Summer on Moonlight Bay / Then There Was You,Hope Ramsay,4.16,186
Or What You Will,Jo Walton,3.75,4
Quantum (Captain Chase #1),Patricia Cornwell,2.93,8893
A Gingerbread Romance: Based On the Hallmark Channel Original Movie,Lacey Baker,4.11,205
The Widow of Pale Harbor,Hester Fox,3.56,886
A Down Home Christmas,Liz Talley,4.22,166
Stars of Alabama,Sean Dietrich,4.08,466
"Like Lions (Bull Mountain, #2)",Brian Panowich,4.1,965
Split-Level,Sande Boritz Berger,3.44,149
A Dream to Die for,Susan Z. Ritz,4.12,34
Home for Erring and Outcast Girls,Julie Kibler,3.66,2455
The Editor,Steven  Rowley,3.76,3233
The Stillwater Girls,Minka Kent,4.11,3578
"Cold Woods (Northampton County, #2)",Karen Katchur,4.19,651
